{"name":"5e662205-b53c-4937-b106-50e68383e3e0","id":"/providers/Microsoft.Flow/flows/5e662205-b53c-4937-b106-50e68383e3e0","type":"Microsoft.Flow/flows","properties":{"apiId":"/providers/Microsoft.PowerApps/apis/shared_logicflows","displayName":"Read Range Excel","definition":{"metadata":{"workflowEntityId":null,"processAdvisorMetadata":null,"flowclientsuspensionreason":"None","flowclientsuspensiontime":null,"creator":{"id":"45203d8d-1949-40d0-8a20-3c3500c16828","type":"User","tenantId":"df5ce421-86cf-46f2-a3e6-2da6d1a48f96"},"provisioningMethod":"FromDefinition","failureAlertSubscription":true,"clientLastModifiedTime":"2021-05-28T09:42:13.4616011Z"},"$schema":"https://schema.management.azure.com/providers/Microsoft.Logic/schemas/2016-06-01/workflowdefinition.json#","contentVersion":"1.0.0.0","parameters":{"$connections":{"defaultValue":{},"type":"Object"},"$authentication":{"defaultValue":{},"type":"SecureObject"}},"triggers":{"manual":{"type":"Request","kind":"Button","inputs":{"schema":{"type":"object","properties":{},"required":[]}}}},"actions":{"Create_table":{"runAfter":{},"metadata":{"01ZZFCNL7VBS3J6UPSJZBIO4LUKT7CRW6L":"/StudentsRange.xlsx"},"type":"OpenApiConnection","inputs":{"host":{"apiId":"/providers/Microsoft.PowerApps/apis/shared_excelonlinebusiness","connectionName":"shared_excelonlinebusiness","operationId":"CreateTable"},"parameters":{"source":"sites/spfxsharepoint.sharepoint.com,06797b6a-8b3b-4fb5-97c0-e798171eb9bf,3a3582b4-bdb4-402e-b8ad-7dfcdc951280","drive":"b!ant5BjuLtU-XwOeYFx65v7SCNTq0vS5AuK19_NyVEoBFnlfpc7z-Tq089IXoHMMC","file":"01ZZFCNL7VBS3J6UPSJZBIO4LUKT7CRW6L","table/Range":"Students!C10:F18","table/TableName":"StudentTable"},"authentication":{"value":"@json(decodeBase64(triggerOutputs().headers['X-MS-APIM-Tokens']))['$ConnectionKey']","type":"Raw"}}},"List_rows_present_in_a_table":{"runAfter":{"Create_table":["Succeeded"]},"metadata":{"01ZZFCNL7VBS3J6UPSJZBIO4LUKT7CRW6L":"/StudentsRange.xlsx"},"type":"OpenApiConnection","inputs":{"host":{"apiId":"/providers/Microsoft.PowerApps/apis/shared_excelonlinebusiness","connectionName":"shared_excelonlinebusiness","operationId":"GetItems"},"parameters":{"source":"sites/spfxsharepoint.sharepoint.com,06797b6a-8b3b-4fb5-97c0-e798171eb9bf,3a3582b4-bdb4-402e-b8ad-7dfcdc951280","drive":"b!ant5BjuLtU-XwOeYFx65v7SCNTq0vS5AuK19_NyVEoBFnlfpc7z-Tq089IXoHMMC","file":"01ZZFCNL7VBS3J6UPSJZBIO4LUKT7CRW6L","table":"@outputs('Create_table')?['body/name']"},"authentication":{"value":"@json(decodeBase64(triggerOutputs().headers['X-MS-APIM-Tokens']))['$ConnectionKey']","type":"Raw"}}},"Apply_to_each":{"foreach":"@outputs('List_rows_present_in_a_table')?['body/value']","actions":{"Send_an_email_(V2)":{"runAfter":{},"type":"OpenApiConnection","inputs":{"host":{"apiId":"/providers/Microsoft.PowerApps/apis/shared_office365","connectionName":"shared_office365","operationId":"SendEmailV2"},"parameters":{"emailMessage/To":"Upgrade@spfxsharepoint.onmicrosoft.com","emailMessage/Subject":"Excel Reading","emailMessage/Body":"<p>First Name: @{items('Apply_to_each').FirstName}<br>\nLast Name: @{items('Apply_to_each').LastName}<br>\nAge:&nbsp;@{items('Apply_to_each').Age}</p>"},"authentication":{"value":"@json(decodeBase64(triggerOutputs().headers['X-MS-APIM-Tokens']))['$ConnectionKey']","type":"Raw"}}}},"runAfter":{"Compose":["Succeeded"]},"type":"Foreach"},"Compose":{"runAfter":{"List_rows_present_in_a_table":["Succeeded"]},"type":"Compose","inputs":"@outputs('List_rows_present_in_a_table')?['body/value']"}}},"connectionReferences":{"shared_excelonlinebusiness":{"connectionName":"shared-excelonlinebu-f7f6d155-e8e1-422f-862d-52a3-cf2963ad","source":"Invoker","id":"/providers/Microsoft.PowerApps/apis/shared_excelonlinebusiness","tier":"NotSpecified"},"shared_office365":{"connectionName":"82d1bf941e4c4157b410b1fc5399b36d","source":"Invoker","id":"/providers/Microsoft.PowerApps/apis/shared_office365","tier":"NotSpecified"}},"flowFailureAlertSubscribed":false}}