{"name":"8ce2f3e8-e003-42ab-bdfa-bc527e57431e","id":"/providers/Microsoft.Flow/flows/8ce2f3e8-e003-42ab-bdfa-bc527e57431e","type":"Microsoft.Flow/flows","properties":{"apiId":"/providers/Microsoft.PowerApps/apis/shared_logicflows","displayName":"Create Item with attachment when Form response is submitted","definition":{"metadata":{"workflowEntityId":null,"processAdvisorMetadata":null,"flowclientsuspensionreason":"None","flowclientsuspensiontime":null,"creator":{"id":"45203d8d-1949-40d0-8a20-3c3500c16828","type":"User","tenantId":"df5ce421-86cf-46f2-a3e6-2da6d1a48f96"},"provisioningMethod":"FromDefinition","failureAlertSubscription":true,"clientLastModifiedTime":"2021-06-01T14:02:33.9810409Z"},"$schema":"https://schema.management.azure.com/providers/Microsoft.Logic/schemas/2016-06-01/workflowdefinition.json#","contentVersion":"1.0.0.0","parameters":{"$connections":{"defaultValue":{},"type":"Object"},"$authentication":{"defaultValue":{},"type":"SecureObject"}},"triggers":{"When_a_new_response_is_submitted":{"splitOn":"@triggerOutputs()?['body/value']","type":"OpenApiConnectionWebhook","inputs":{"host":{"apiId":"/providers/Microsoft.PowerApps/apis/shared_microsoftforms","connectionName":"shared_microsoftforms","operationId":"CreateFormWebhook"},"parameters":{"form_id":"IeRc38-G8kaj5i2m0aSPlo09IEVJGdBAiiA8NQDBaChUQjBQMzRZVjNKMEY0MktDTThVWTVWOEhSNC4u"},"authentication":"@parameters('$authentication')"}}},"actions":{"Get_response_details":{"runAfter":{},"type":"OpenApiConnection","inputs":{"host":{"apiId":"/providers/Microsoft.PowerApps/apis/shared_microsoftforms","connectionName":"shared_microsoftforms","operationId":"GetFormResponseById"},"parameters":{"form_id":"IeRc38-G8kaj5i2m0aSPlo09IEVJGdBAiiA8NQDBaChUQjBQMzRZVjNKMEY0MktDTThVWTVWOEhSNC4u","response_id":"@triggerOutputs()?['body/resourceData/responseId']"},"authentication":"@parameters('$authentication')"}},"Create_item":{"runAfter":{"Get_response_details":["Succeeded"]},"type":"OpenApiConnection","inputs":{"host":{"apiId":"/providers/Microsoft.PowerApps/apis/shared_sharepointonline","connectionName":"shared_sharepointonline","operationId":"PostItem"},"parameters":{"dataset":"https://spfxsharepoint.sharepoint.com/sites/TheLanding","table":"b2a4d7db-1ce4-4b99-9154-1a13855e35a8","item/Title":"@{outputs('Get_response_details')?['body/ra1fcbd5e6c6d4c28a3f32f37aeb4f95a']} @{outputs('Get_response_details')?['body/r02329a250fe14cf4b5a7810ab3b11792']}","item/nu1u":"@outputs('Get_response_details')?['body/rb5ca89b36b5a4dcc88b81542abb497ef']","item/wrtd":"@int(outputs('Get_response_details')?['body/r688f5e7cfa9241e0972fd52b993fce52'])"},"authentication":"@parameters('$authentication')"}},"Add_attachment":{"runAfter":{"Get_file_content_using_path":["Succeeded"]},"type":"OpenApiConnection","inputs":{"host":{"apiId":"/providers/Microsoft.PowerApps/apis/shared_sharepointonline","connectionName":"shared_sharepointonline","operationId":"CreateAttachment"},"parameters":{"dataset":"https://spfxsharepoint.sharepoint.com/sites/TheLanding","table":"b2a4d7db-1ce4-4b99-9154-1a13855e35a8","itemId":"@outputs('Create_item')?['body/ID']","displayName":"Resume_@{first(body('Parse_JSON'))?['name']}","body":"@outputs('Get_file_content_using_path')?['body']"},"authentication":"@parameters('$authentication')"}},"Parse_JSON":{"runAfter":{"Create_item":["Succeeded"]},"type":"ParseJson","inputs":{"content":"@outputs('Get_response_details')?['body/rcab1e94c78c54ceabf20aa94df331f45']","schema":{"type":"array","items":{"type":"object","properties":{"name":{"type":"string"},"link":{"type":"string"},"id":{"type":"string"},"type":{},"size":{"type":"integer"},"referenceId":{"type":"string"},"driveId":{"type":"string"},"status":{"type":"integer"},"uploadSessionUrl":{}},"required":["name","link","id","type","size","referenceId","driveId","status","uploadSessionUrl"]}}}},"Get_file_content_using_path":{"runAfter":{"Parse_JSON":["Succeeded"]},"type":"OpenApiConnection","inputs":{"host":{"apiId":"/providers/Microsoft.PowerApps/apis/shared_onedriveforbusiness","connectionName":"shared_onedriveforbusiness","operationId":"GetFileContentByPath"},"parameters":{"path":"/Apps/Microsoft Forms/Send to SharePoint/Question/@{first(body('Parse_JSON'))?['name']}","inferContentType":true},"authentication":"@parameters('$authentication')"}}},"outputs":{}},"connectionReferences":{"shared_microsoftforms":{"connectionName":"shared-microsoftform-23a0ce9b-cc8d-443d-8c77-ed00-a6472443","source":"Embedded","id":"/providers/Microsoft.PowerApps/apis/shared_microsoftforms","tier":"NotSpecified"},"shared_sharepointonline":{"connectionName":"78be2d5ca6714ab28ae564c76b77ee1a","source":"Embedded","id":"/providers/Microsoft.PowerApps/apis/shared_sharepointonline","tier":"NotSpecified"},"shared_onedriveforbusiness":{"connectionName":"2f152825aeff4d618d46340e0c11ee5c","source":"Embedded","id":"/providers/Microsoft.PowerApps/apis/shared_onedriveforbusiness","tier":"NotSpecified"}},"flowFailureAlertSubscribed":false}}